stamp,session,status,lat,lon,alt,cov_xx,cov_yy,cov_zz,x,y,z
1785471939.999736309,20260731_132539,0,36.843660400,128.093547900,297.4890,0.006561,0.006561,0.017424,87.7081,9.6224,0.0000
1785471940.999736309,20260731_132539,0,36.843660400,128.093547800,297.4860,0.006561,0.006561,0.017424,87.6992,9.6224,0.0000
1785471941.999736309,20260731_132539,0,36.843660500,128.093547500,297.5470,0.005929,0.005929,0.015625,87.6725,9.6335,0.0000
1785471942.999736309,20260731_132539,0,36.843660500,128.093546900,297.6100,0.005476,0.005476,0.015625,87.6189,9.6335,0.0000
1785471943.999736071,20260731_132539,0,36.843660600,128.093546500,297.6230,0.005329,0.005329,0.015129,87.5833,9.6446,0.0000
1785471944.999736071,20260731_132539,0,36.843660500,128.093546800,297.6570,0.005041,0.005041,0.014161,87.6100,9.6335,0.0000
1785471945.999736071,20260731_132539,0,36.843660800,128.093545500,297.6600,0.005329,0.005329,0.015376,87.4941,9.6668,0.0000
1785471946.999736071,20260731_132539,0,36.843660700,128.093545900,297.6810,0.005476,0.005476,0.015625,87.5297,9.6557,0.0000
1785471947.999736071,20260731_132539,0,36.843660700,128.093545900,297.7090,0.005329,0.005329,0.015876,87.5297,9.6557,0.0000
1785471948.999736071,20260731_132539,0,36.843660700,128.093545800,297.7050,0.005184,0.005184,0.014641,87.5208,9.6557,0.0000
1785471949.999736071,20260731_132539,0,36.843661000,128.093545500,297.6870,0.005329,0.005329,0.016129,87.4941,9.6890,0.0000
1785471950.999736071,20260731_132539,0,36.843661000,128.093545900,297.6990,0.005329,0.005329,0.016129,87.5297,9.6890,0.0000
1785471951.999736071,20260731_132539,0,36.843661100,128.093546200,297.7150,0.005184,0.005184,0.013689,87.5565,9.7001,0.0000
1785471952.999736071,20260731_132539,0,36.843661100,128.093546200,297.7290,0.004900,0.004900,0.013924,87.5565,9.7001,0.0000
1785471953.999735832,20260731_132539,0,36.843661300,128.093546300,297.7270,0.005329,0.005329,0.014161,87.5654,9.7223,0.0000
1785471954.999735832,20260731_132539,0,36.843661400,128.093546700,297.7110,0.005041,0.005041,0.013689,87.6011,9.7334,0.0000
1785471955.999735832,20260731_132539,0,36.843661700,128.093546800,297.7140,0.004900,0.004900,0.013689,87.6100,9.7667,0.0000
1785471956.999735832,20260731_132539,0,36.843661800,128.093547200,297.7150,0.004900,0.004900,0.013689,87.6457,9.7778,0.0000
1785471957.999735832,20260731_132539,0,36.843661600,128.093547400,297.7030,0.004761,0.004761,0.013456,87.6635,9.7556,0.0000
1785471958.999735832,20260731_132539,0,36.843661100,128.093547500,297.7290,0.004624,0.004624,0.012996,87.6725,9.7001,0.0000
1785471959.999735832,20260731_132539,0,36.843658800,128.093547000,297.7120,0.005329,0.005329,0.013689,87.6279,9.4448,0.0000
1785471960.999735832,20260731_132539,0,36.843655500,128.093546700,297.7000,0.007744,0.007744,0.017689,87.6011,9.0786,0.0000
1785471961.999735832,20260731_132539,0,36.843652200,128.093544900,297.7370,0.007744,0.007744,0.022500,87.4406,8.7124,0.0000
1785471962.999735832,20260731_132539,0,36.843648700,128.093544000,297.8630,0.010609,0.010609,0.030276,87.3603,8.3239,0.0000
1785471963.999735832,20260731_132539,0,36.843644800,128.093543200,297.8550,0.008100,0.008100,0.019044,87.2889,7.8911,0.0000
1785471964.999735832,20260731_132539,0,36.843640100,128.093542500,297.7950,0.008100,0.008100,0.025600,87.2265,7.3695,0.0000
1785471965.999735594,20260731_132539,0,36.843635700,128.093541100,297.9030,0.005776,0.005776,0.019044,87.1016,6.8812,0.0000
1785471966.999735594,20260731_132539,0,36.843630800,128.093540400,297.9030,0.006084,0.006084,0.017689,87.0392,6.3374,0.0000
1785471967.999735594,20260731_132539,0,36.843625700,128.093539500,297.9770,0.007225,0.007225,0.016900,86.9589,5.7714,0.0000
1785471968.999735594,20260731_132539,0,36.843620200,128.093539700,298.0520,0.007056,0.007056,0.023716,86.9768,5.1610,0.0000
1785471969.999735594,20260731_132539,0,36.843614900,128.093540800,297.9540,0.007056,0.007056,0.019881,87.0749,4.5728,0.0000
1785471970.999735594,20260731_132539,0,36.843609400,128.093540900,297.9690,0.007056,0.007056,0.024964,87.0838,3.9624,0.0000
1785471971.999735594,20260731_132539,0,36.843603500,128.093541500,297.9330,0.005476,0.005476,0.017424,87.1373,3.3076,0.0000
1785471972.999735594,20260731_132539,0,36.843597200,128.093542300,298.0270,0.006084,0.006084,0.014641,87.2087,2.6085,0.0000
1785471973.999735594,20260731_132539,0,36.843591500,128.093543100,297.9110,0.005776,0.005776,0.015876,87.2801,1.9759,0.0000
1785471974.999735594,20260731_132539,0,36.843585700,128.093545000,298.0310,0.006241,0.006241,0.021025,87.4496,1.3322,0.0000
1785471975.999735594,20260731_132539,0,36.843580800,128.093548200,298.1070,0.007569,0.007569,0.020449,87.7350,0.7884,0.0000
1785471976.999735355,20260731_132539,0,36.843577700,128.093552600,297.9040,0.008464,0.008464,0.025600,88.1275,0.4444,0.0000
1785471977.999735355,20260731_132539,0,36.843576800,128.093558500,297.6360,0.006724,0.006724,0.021609,88.6537,0.3445,0.0000
1785471978.999735355,20260731_132539,0,36.843575600,128.093564700,297.3930,0.007056,0.007056,0.022801,89.2068,0.2113,0.0000
1785471979.999735355,20260731_132539,0,36.843575700,128.093571900,297.2850,0.005929,0.005929,0.023104,89.8490,0.2224,0.0000
1785471980.999735355,20260731_132539,0,36.843575900,128.093580000,297.2630,0.006241,0.006241,0.022500,90.5715,0.2446,0.0000
1785471981.999735355,20260731_132539,0,36.843572700,128.093590500,297.4250,0.006724,0.006724,0.019600,91.5081,-0.1105,0.0000
1785471982.999735355,20260731_132539,0,36.843567300,128.093599600,297.5650,0.006400,0.006400,0.019321,92.3198,-0.7098,0.0000
1785471983.999735355,20260731_132539,0,36.843561000,128.093607000,297.5420,0.006084,0.006084,0.018769,92.9798,-1.4089,0.0000
1785471984.999735117,20260731_132539,0,36.843553900,128.093612700,297.6170,0.005476,0.005476,0.015625,93.4883,-2.1969,0.0000
1785471985.999735117,20260731_132539,0,36.843547000,128.093616900,297.6300,0.004489,0.004489,0.012100,93.8629,-2.9626,0.0000
1785471986.999735117,20260731_132539,0,36.843540900,128.093621800,297.5860,0.004761,0.004761,0.012996,94.3000,-3.6396,0.0000
1785471987.999735117,20260731_132539,0,36.843535700,128.093627100,297.6270,0.004489,0.004489,0.011881,94.7727,-4.2167,0.0000
1785471988.999735117,20260731_132539,0,36.843529200,128.093632900,297.5890,0.004356,0.004356,0.011025,95.2901,-4.9381,0.0000
1785471989.999735117,20260731_132539,0,36.843522800,128.093638400,297.5780,0.004225,0.004225,0.011025,95.7807,-5.6483,0.0000
1785471990.999735117,20260731_132539,0,36.843516600,128.093643800,297.5600,0.004489,0.004489,0.012321,96.2624,-6.3364,0.0000
1785471991.999734879,20260731_132539,0,36.843509800,128.093649700,297.5730,0.003969,0.003969,0.011025,96.7887,-7.0911,0.0000
1785471992.999734879,20260731_132539,0,36.843504100,128.093654400,297.5600,0.004096,0.004096,0.010609,97.2079,-7.7236,0.0000
1785471993.999734879,20260731_132539,0,36.843498300,128.093659200,297.5380,0.004096,0.004096,0.010404,97.6360,-8.3673,0.0000
1785471994.999734879,20260731_132539,0,36.843491600,128.093664500,297.5450,0.003969,0.003969,0.010609,98.1088,-9.1109,0.0000
1785471995.999734879,20260731_132539,0,36.843485200,128.093669800,297.5370,0.004096,0.004096,0.010609,98.5816,-9.8212,0.0000
1785471996.999734640,20260731_132539,0,36.843477700,128.093676000,297.5670,0.003969,0.003969,0.010404,99.1346,-10.6535,0.0000
1785471997.999734640,20260731_132539,0,36.843470400,128.093682000,297.6280,0.004096,0.004096,0.010609,99.6698,-11.4636,0.0000
1785471998.999734640,20260731_132539,0,36.843463200,128.093688000,297.6850,0.003969,0.003969,0.010404,100.2050,-12.2627,0.0000
1785471999.999734640,20260731_132539,0,36.843451600,128.093700500,297.4640,0.002116,0.002116,0.006561,101.3200,-13.5500,0.0000
1785472000.999734640,20260731_132539,0,36.843444100,128.093708100,297.4710,0.002304,0.002304,0.006561,101.9979,-14.3824,0.0000
1785472001.999734640,20260731_132539,0,36.843437500,128.093714400,297.4930,0.002116,0.002116,0.006400,102.5599,-15.1148,0.0000
1785472002.999734402,20260731_132539,0,36.843429700,128.093718900,297.4960,0.002304,0.002304,0.006400,102.9613,-15.9805,0.0000
1785472003.999734402,20260731_132539,0,36.843421000,128.093722200,297.5430,0.002304,0.002304,0.006561,103.2556,-16.9460,0.0000
1785472004.999734402,20260731_132539,0,36.843412100,128.093723900,297.6400,0.002401,0.002401,0.007225,103.4073,-17.9337,0.0000
1785472005.999734402,20260731_132539,0,36.843404600,128.093726400,297.6090,0.002116,0.002116,0.005929,103.6303,-18.7661,0.0000
1785472006.999734402,20260731_132539,2,36.843410900,128.093708100,297.1190,0.000196,0.000196,0.000361,101.9979,-18.0669,0.0000
1785472007.999734163,20260731_132539,2,36.843406600,128.093712800,297.1420,0.000196,0.000196,0.000441,102.4172,-18.5441,0.0000
1785472008.999734163,20260731_132539,2,36.843404900,128.093718400,297.1330,0.000196,0.000196,0.000484,102.9167,-18.7328,0.0000
1785472009.999734163,20260731_132539,2,36.843404900,128.093723800,297.1410,0.000256,0.000256,0.000900,103.3984,-18.7328,0.0000
1785472010.999734163,20260731_132539,2,36.843406100,128.093729700,297.1600,0.000324,0.000324,0.001225,103.9246,-18.5996,0.0000
1785472011.999734163,20260731_132539,2,36.843406500,128.093737900,297.1900,0.000256,0.000256,0.001024,104.6560,-18.5552,0.0000
1785472012.999733925,20260731_132539,2,36.843406800,128.093745600,297.2040,0.000256,0.000256,0.000841,105.3429,-18.5219,0.0000
1785472013.999733925,20260731_132539,2,36.843407000,128.093753700,297.2560,0.000225,0.000225,0.000729,106.0654,-18.4997,0.0000
1785472014.999733925,20260731_132539,2,36.843407500,128.093762400,297.2670,0.000196,0.000196,0.000676,106.8414,-18.4442,0.0000
1785472015.999733925,20260731_132539,2,36.843408100,128.093771700,297.3110,0.000196,0.000196,0.000676,107.6709,-18.3776,0.0000
1785472016.999733925,20260731_132539,2,36.843408600,128.093782400,297.3480,0.000225,0.000225,0.000784,108.6254,-18.3221,0.0000
1785472017.999733686,20260731_132539,2,36.843409100,128.093792800,297.3630,0.000225,0.000225,0.000841,109.5530,-18.2666,0.0000
1785472018.999733686,20260731_132539,2,36.843409800,128.093803300,297.3870,0.000196,0.000196,0.000729,110.4896,-18.1889,0.0000
1785472019.999733686,20260731_132539,2,36.843410400,128.093813500,297.4270,0.000196,0.000196,0.000729,111.3994,-18.1223,0.0000
1785472020.999733686,20260731_132539,2,36.843411000,128.093823700,297.4380,0.000225,0.000225,0.000784,112.3092,-18.0557,0.0000
1785472021.999733448,20260731_132539,2,36.843411700,128.093833900,297.4670,0.000225,0.000225,0.000784,113.2191,-17.9780,0.0000
1785472022.999733448,20260731_132539,2,36.843412200,128.093844800,297.4840,0.000256,0.000256,0.000841,114.1913,-17.9225,0.0000
1785472023.999733448,20260731_132539,2,36.843412700,128.093855100,297.5200,0.000196,0.000196,0.000784,115.1100,-17.8670,0.0000
1785472024.999733448,20260731_132539,2,36.843413000,128.093865200,297.5660,0.000225,0.000225,0.000841,116.0109,-17.8337,0.0000
1785472025.999733210,20260731_132539,2,36.843413500,128.093875200,297.5920,0.000289,0.000289,0.000961,116.9029,-17.7782,0.0000
1785472026.999733210,20260731_132539,2,36.843414000,128.093885500,297.6300,0.000289,0.000289,0.001024,117.8217,-17.7227,0.0000
1785472027.999733210,20260731_132539,2,36.843414400,128.093896200,297.6610,0.000324,0.000324,0.001156,118.7761,-17.6783,0.0000
1785472028.999732971,20260731_132539,2,36.843415100,128.093907300,297.6700,0.000400,0.000400,0.001369,119.7662,-17.6006,0.0000
1785472029.999732971,20260731_132539,2,36.843415900,128.093918600,297.6830,0.000484,0.000484,0.001681,120.7741,-17.5118,0.0000
1785472030.999732971,20260731_132539,2,36.843416300,128.093929700,297.7090,0.000484,0.000484,0.001849,121.7642,-17.4674,0.0000
1785472031.999732971,20260731_132539,2,36.843416700,128.093940800,297.7490,0.000361,0.000361,0.001444,122.7543,-17.4230,0.0000
1785472032.999732733,20260731_132539,2,36.843417400,128.093951300,297.7830,0.000529,0.000529,0.002025,123.6909,-17.3453,0.0000
1785472033.999732733,20260731_132539,2,36.843417900,128.093960500,297.8170,0.000484,0.000484,0.001764,124.5115,-17.2898,0.0000
1785472034.999732733,20260731_132539,2,36.843417900,128.093962900,297.8260,0.000529,0.000529,0.002025,124.7256,-17.2898,0.0000
1785472035.999732494,20260731_132539,2,36.843414900,128.093964900,297.8060,0.000400,0.000400,0.001444,124.9040,-17.6227,0.0000
1785472036.999732494,20260731_132539,2,36.843411600,128.093964500,297.8290,0.000676,0.000676,0.002304,124.8683,-17.9889,0.0000
1785472037.999732494,20260731_132539,2,36.843409000,128.093962500,297.8280,0.000784,0.000784,0.002601,124.6899,-18.2775,0.0000
1785472038.999732256,20260731_132539,2,36.843408400,128.093961800,297.8300,0.000441,0.000441,0.001521,124.6275,-18.3441,0.0000
1785472039.999732256,20260731_132539,2,36.843403300,128.093962200,297.8270,0.000441,0.000441,0.001600,124.6632,-18.9101,0.0000
1785472040.999732256,20260731_132539,2,36.843397800,128.093962800,297.8340,0.000324,0.000324,0.001225,124.7167,-19.5205,0.0000
1785472041.999732256,20260731_132539,2,36.843390900,128.093964000,297.8650,0.000361,0.000361,0.001156,124.8238,-20.2862,0.0000
1785472042.999732018,20260731_132539,2,36.843383300,128.093966200,297.8760,0.000225,0.000225,0.000900,125.0200,-21.1297,0.0000
1785472043.999732018,20260731_132539,2,36.843374900,128.093968200,297.9460,0.000225,0.000225,0.000900,125.1984,-22.0619,0.0000
1785472044.999732018,20260731_132539,2,36.843368200,128.093972300,297.9670,0.000225,0.000225,0.000900,125.5641,-22.8054,0.0000
1785472045.999731779,20260731_132539,2,36.843365400,128.093979800,298.0070,0.000225,0.000225,0.000841,126.2331,-23.1162,0.0000
1785472046.999731779,20260731_132539,2,36.843365900,128.093989000,298.0260,0.000256,0.000256,0.001024,127.0538,-23.0607,0.0000
1785472047.999731779,20260731_132539,2,36.843365800,128.094000600,298.0630,0.000676,0.000676,0.002500,128.0885,-23.0718,0.0000
1785472048.999731779,20260731_132539,2,36.843364800,128.094012600,298.0860,0.000841,0.000841,0.003136,129.1588,-23.1827,0.0000
1785472049.999731541,20260731_132539,2,36.843360700,128.094024600,298.0850,0.000676,0.000676,0.002500,130.2292,-23.6377,0.0000
1785472050.999731541,20260731_132539,2,36.843351600,128.094032900,298.1300,0.001521,0.001521,0.005776,130.9696,-24.6476,0.0000
1785472051.999731541,20260731_132539,2,36.843340700,128.094035600,298.1320,0.001444,0.001444,0.005041,131.2104,-25.8573,0.0000
1785472052.999731302,20260731_132539,2,36.843330100,128.094036000,298.1500,0.000841,0.000841,0.003249,131.2461,-27.0337,0.0000
1785472053.999731302,20260731_132539,2,36.843320300,128.094035500,298.2210,0.000676,0.000676,0.002209,131.2015,-28.1213,0.0000
1785472054.999731302,20260731_132539,2,36.843311800,128.094036200,298.2460,0.000784,0.000784,0.002304,131.2640,-29.0646,0.0000
1785472055.999731302,20260731_132539,2,36.843302400,128.094037500,298.2530,0.000625,0.000625,0.001681,131.3800,-30.1078,0.0000
1785472056.999731064,20260731_132539,2,36.843291600,128.094032500,298.2750,0.000576,0.000576,0.001444,130.9340,-31.3064,0.0000
1785472057.999731064,20260731_132539,2,36.843284500,128.094021800,298.2720,0.000576,0.000576,0.001600,129.9796,-32.0944,0.0000
1785472058.999731064,20260731_132539,2,36.843281100,128.094008100,298.2360,0.000576,0.000576,0.001849,128.7576,-32.4718,0.0000
1785472059.999731064,20260731_132539,2,36.843281500,128.093994000,298.2320,0.000324,0.000324,0.001225,127.4999,-32.4274,0.0000
1785472060.999730825,20260731_132539,2,36.843285900,128.093980600,298.2180,0.000289,0.000289,0.001225,126.3046,-31.9391,0.0000
1785472061.999730825,20260731_132539,2,36.843292300,128.093969400,298.1890,0.000400,0.000400,0.001444,125.3056,-31.2288,0.0000
1785472062.999730825,20260731_132539,2,36.843300800,128.093959800,298.1730,0.000484,0.000484,0.001849,124.4493,-30.2855,0.0000
1785472063.999730825,20260731_132539,2,36.843310900,128.093953500,298.1290,0.000625,0.000625,0.002500,123.8873,-29.1646,0.0000
1785472064.999730825,20260731_132539,2,36.843321700,128.093949000,298.0630,0.000625,0.000625,0.002601,123.4859,-27.9660,0.0000
1785472065.999730587,20260731_132539,2,36.843331100,128.093944900,298.0080,0.000361,0.000361,0.002025,123.1202,-26.9228,0.0000
1785472066.999730587,20260731_132539,2,36.843338800,128.093938600,297.9770,0.000289,0.000289,0.001296,122.5582,-26.0683,0.0000
1785472067.999730587,20260731_132539,2,36.843347100,128.093931000,297.9230,0.000324,0.000324,0.001444,121.8803,-25.1472,0.0000
1785472068.999730587,20260731_132539,2,36.843352300,128.093923200,297.8810,0.000441,0.000441,0.001764,121.1845,-24.5701,0.0000
1785472069.999730349,20260731_132539,2,36.843353200,128.093914200,297.8860,0.000400,0.000400,0.001600,120.3818,-24.4702,0.0000
1785472070.999730349,20260731_132539,2,36.843352500,128.093904000,297.8400,0.000256,0.000256,0.001089,119.4719,-24.5479,0.0000
1785472071.999730349,20260731_132539,2,36.843352300,128.093892700,297.8300,0.000225,0.000225,0.001024,118.4640,-24.5701,0.0000
1785472072.999730349,20260731_132539,2,36.843352100,128.093880800,297.8240,0.000289,0.000289,0.001089,117.4025,-24.5923,0.0000
1785472073.999730349,20260731_132539,2,36.843351900,128.093869000,297.8070,0.000441,0.000441,0.001600,116.3500,-24.6145,0.0000
1785472074.999730110,20260731_132539,2,36.843351600,128.093857100,297.7720,0.000361,0.000361,0.001444,115.2885,-24.6479,0.0000
1785472075.999730110,20260731_132539,2,36.843351200,128.093845500,297.7130,0.000576,0.000576,0.002209,114.2538,-24.6923,0.0000
1785472076.999730110,20260731_132539,2,36.843350800,128.093833700,297.6890,0.000324,0.000324,0.001156,113.2013,-24.7367,0.0000
1785472077.999730110,20260731_132539,2,36.843350500,128.093822600,297.6770,0.000361,0.000361,0.001296,112.2112,-24.7700,0.0000
1785472078.999730110,20260731_132539,2,36.843350100,128.093811000,297.6420,0.000400,0.000400,0.001521,111.1765,-24.8144,0.0000
1785472079.999729872,20260731_132539,2,36.843349600,128.093799700,297.6300,0.000361,0.000361,0.001521,110.1686,-24.8699,0.0000
1785472080.999729872,20260731_132539,2,36.843349200,128.093788400,297.5700,0.000256,0.000256,0.000900,109.1606,-24.9143,0.0000
1785472081.999729872,20260731_132539,2,36.843348600,128.093776700,297.5450,0.000225,0.000225,0.000676,108.1170,-24.9809,0.0000
1785472082.999729872,20260731_132539,2,36.843347800,128.093765100,297.5090,0.000196,0.000196,0.000676,107.0823,-25.0697,0.0000
1785472083.999729872,20260731_132539,2,36.843347200,128.093754700,297.4760,0.000225,0.000225,0.000784,106.1547,-25.1363,0.0000
1785472084.999729633,20260731_132539,2,36.843347200,128.093743300,297.4000,0.000196,0.000196,0.000784,105.1378,-25.1363,0.0000
1785472085.999729633,20260731_132539,2,36.843350400,128.093730800,297.4000,0.000225,0.000225,0.000841,104.0228,-24.7812,0.0000
1785472086.999729633,20260731_132539,2,36.843356400,128.093720000,297.3100,0.000225,0.000225,0.000784,103.0595,-24.1153,0.0000
1785472087.999729633,20260731_132539,2,36.843361400,128.093710300,297.2750,0.000225,0.000225,0.000729,102.1942,-23.5604,0.0000
1785472088.999729633,20260731_132539,2,36.843366300,128.093700100,297.2260,0.000225,0.000225,0.000784,101.2844,-23.0166,0.0000
1785472089.999729633,20260731_132539,2,36.843373800,128.093690600,297.1820,0.000256,0.000256,0.001024,100.4370,-22.1843,0.0000
1785472090.999729395,20260731_132539,2,36.843383400,128.093684200,297.1520,0.000361,0.000361,0.001369,99.8661,-21.1189,0.0000
1785472091.999729395,20260731_132539,2,36.843392100,128.093678500,297.1310,0.000441,0.000441,0.001521,99.3577,-20.1534,0.0000
1785472092.999729395,20260731_132539,2,36.843399900,128.093672400,297.1150,0.000400,0.000400,0.001444,98.8136,-19.2877,0.0000
1785472093.999729395,20260731_132539,2,36.843409100,128.093665400,297.0550,0.000441,0.000441,0.001681,98.1892,-18.2667,0.0000
1785472094.999729395,20260731_132539,2,36.843419700,128.093657100,297.0310,0.000289,0.000289,0.001024,97.4488,-17.0903,0.0000
1785472095.999729395,20260731_132539,2,36.843430700,128.093648300,296.9820,0.000225,0.000225,0.000900,96.6639,-15.8696,0.0000
1785472096.999729156,20260731_132539,2,36.843441100,128.093639500,296.9840,0.000225,0.000225,0.000841,95.8789,-14.7154,0.0000
1785472097.999729156,20260731_132539,2,36.843453000,128.093629400,296.9620,0.000256,0.000256,0.000961,94.9780,-13.3947,0.0000
1785472098.999729156,20260731_132539,2,36.843464700,128.093619300,296.9560,0.000256,0.000256,0.001089,94.0771,-12.0963,0.0000
1785472099.999729156,20260731_132539,2,36.843476000,128.093609500,296.9520,0.000256,0.000256,0.000961,93.2029,-10.8422,0.0000
1785472100.999729156,20260731_132539,2,36.843487300,128.093599400,296.9280,0.000225,0.000225,0.000729,92.3020,-9.5882,0.0000
1785472101.999729156,20260731_132539,2,36.843498800,128.093589000,296.9080,0.000324,0.000324,0.001444,91.3743,-8.3119,0.0000
1785472102.999728918,20260731_132539,2,36.843509200,128.093578600,296.8880,0.000400,0.000400,0.001521,90.4467,-7.1577,0.0000
1785472103.999728918,20260731_132539,2,36.843514400,128.093567300,296.9070,0.000361,0.000361,0.001444,89.4387,-6.5806,0.0000
1785472104.999728918,20260731_132539,2,36.843514500,128.093553600,296.8690,0.000324,0.000324,0.001089,88.2167,-6.5696,0.0000
1785472105.999728918,20260731_132539,2,36.843513700,128.093537200,296.8960,0.000256,0.000256,0.000961,86.7539,-6.6584,0.0000
1785472106.999728918,20260731_132539,2,36.843512800,128.093520700,296.9000,0.000225,0.000225,0.000841,85.2821,-6.7582,0.0000
1785472107.999728680,20260731_132539,2,36.843511900,128.093504400,296.9130,0.000225,0.000225,0.000900,83.8282,-6.8581,0.0000
1785472108.999728680,20260731_132539,2,36.843510700,128.093488300,296.9560,0.000324,0.000324,0.001369,82.3921,-6.9913,0.0000
1785472109.999728680,20260731_132539,2,36.843509200,128.093472900,296.9540,0.000361,0.000361,0.001600,81.0185,-7.1578,0.0000
1785472110.999728680,20260731_132539,2,36.843507300,128.093458100,296.9510,0.000256,0.000256,0.000900,79.6983,-7.3687,0.0000
1785472111.999728680,20260731_132539,2,36.843505000,128.093443000,297.0000,0.000225,0.000225,0.000900,78.3514,-7.6240,0.0000
1785472112.999728441,20260731_132539,2,36.843502800,128.093427100,297.0840,0.000225,0.000225,0.000784,76.9332,-7.8681,0.0000
1785472113.999728441,20260731_132539,2,36.843500800,128.093411700,297.1270,0.000225,0.000225,0.000784,75.5596,-8.0901,0.0000
1785472114.999728441,20260731_132539,2,36.843499000,128.093395000,297.1970,0.000324,0.000324,0.001089,74.0700,-8.2899,0.0000
1785472115.999728441,20260731_132539,2,36.843497400,128.093378700,297.2190,0.000324,0.000324,0.001024,72.6160,-8.4675,0.0000
1785472116.999728441,20260731_132539,2,36.843495500,128.093362700,297.2410,0.000625,0.000625,0.001849,71.1889,-8.6783,0.0000
1785472117.999728203,20260731_132539,2,36.843493100,128.093346900,297.3420,0.000529,0.000529,0.001600,69.7795,-8.9447,0.0000
1785472118.999728203,20260731_132539,2,36.843490500,128.093331200,297.4360,0.000484,0.000484,0.001681,68.3791,-9.2333,0.0000
1785472119.999728203,20260731_132539,2,36.843486900,128.093316300,297.5130,0.000484,0.000484,0.001764,67.0501,-9.6328,0.0000
1785472120.999728203,20260731_132539,2,36.843483000,128.093301600,297.5760,0.000576,0.000576,0.001936,65.7389,-10.0656,0.0000
1785472121.999728203,20260731_132539,2,36.843478000,128.093287200,297.6740,0.000484,0.000484,0.001764,64.4544,-10.6205,0.0000
1785472122.999728203,20260731_132539,2,36.843471900,128.093272100,297.8320,0.000324,0.000324,0.001024,63.1076,-11.2975,0.0000
1785472123.999727964,20260731_132539,2,36.843465500,128.093257400,297.8240,0.000225,0.000225,0.000784,61.7964,-12.0078,0.0000
1785472124.999727964,20260731_132539,2,36.843459100,128.093242700,297.8090,0.000289,0.000289,0.000961,60.4851,-12.7181,0.0000
1785472125.999727964,20260731_132539,2,36.843452900,128.093228000,297.7760,0.000289,0.000289,0.001024,59.1739,-13.4062,0.0000
1785472126.999727964,20260731_132539,2,36.843446700,128.093213800,297.8000,0.000441,0.000441,0.001600,57.9073,-14.0943,0.0000
1785472127.999727964,20260731_132539,2,36.843440600,128.093200200,297.8000,0.000400,0.000400,0.001600,56.6942,-14.7712,0.0000
1785472128.999727964,20260731_132539,2,36.843434300,128.093186300,297.7850,0.000289,0.000289,0.001156,55.4544,-15.4704,0.0000
1785472129.999727726,20260731_132539,2,36.843427500,128.093171700,297.7930,0.000256,0.000256,0.000961,54.1521,-16.2251,0.0000
1785472130.999727726,20260731_132539,2,36.843420900,128.093157300,297.7900,0.000225,0.000225,0.000729,52.8677,-16.9576,0.0000
1785472131.999727726,20260731_132539,2,36.843414100,128.093143000,297.7990,0.000196,0.000196,0.000625,51.5921,-17.7122,0.0000
1785472132.999727726,20260731_132539,2,36.843407400,128.093128500,297.8170,0.000196,0.000196,0.000625,50.2988,-18.4558,0.0000
1785472133.999727726,20260731_132539,2,36.843400600,128.093114200,297.8390,0.000196,0.000196,0.000576,49.0232,-19.2105,0.0000
1785472134.999727726,20260731_132539,2,36.843393600,128.093099500,297.8290,0.000225,0.000225,0.000900,47.7120,-19.9873,0.0000
1785472135.999727488,20260731_132539,2,36.843386700,128.093084800,297.8320,0.000256,0.000256,0.000961,46.4008,-20.7531,0.0000
1785472136.999727488,20260731_132539,2,36.843380100,128.093069600,297.8240,0.000324,0.000324,0.001444,45.0450,-21.4856,0.0000
1785472137.999727488,20260731_132539,2,36.843373300,128.093054500,297.8260,0.000361,0.000361,0.001369,43.6981,-22.2403,0.0000
1785472138.999727488,20260731_132539,2,36.843366700,128.093039400,297.8550,0.000484,0.000484,0.001849,42.3512,-22.9727,0.0000
1785472139.999727488,20260731_132539,2,36.843359900,128.093024700,297.8740,0.000400,0.000400,0.001444,41.0400,-23.7274,0.0000
1785472140.999727488,20260731_132539,2,36.843353200,128.093009700,297.8760,0.000289,0.000289,0.001156,39.7021,-24.4710,0.0000
1785472141.999727488,20260731_132539,2,36.843346200,128.092994500,297.8690,0.000225,0.000225,0.000900,38.3463,-25.2478,0.0000
1785472142.999727249,20260731_132539,2,36.843339100,128.092979400,297.9150,0.000289,0.000289,0.001156,36.9994,-26.0358,0.0000
1785472143.999727249,20260731_132539,2,36.843331900,128.092964200,297.9540,0.000361,0.000361,0.001521,35.6436,-26.8349,0.0000
1785472144.999727249,20260731_132539,2,36.843324700,128.092948300,297.9790,0.000400,0.000400,0.002116,34.2253,-27.6339,0.0000
1785472145.999727249,20260731_132539,2,36.843318700,128.092931000,298.0530,0.000484,0.000484,0.002500,32.6822,-28.2998,0.0000
1785472146.999727249,20260731_132539,2,36.843314800,128.092912400,298.0400,0.000361,0.000361,0.002209,31.0231,-28.7326,0.0000
1785472147.999727249,20260731_132539,2,36.843310800,128.092895400,298.1330,0.000256,0.000256,0.001369,29.5067,-29.1766,0.0000
1785472148.999727249,20260731_132539,2,36.843306800,128.092878500,298.2050,0.000196,0.000196,0.001089,27.9993,-29.6205,0.0000
1785472149.999727011,20260731_132539,2,36.843303600,128.092860800,298.3170,0.000289,0.000289,0.001600,26.4205,-29.9756,0.0000
1785472150.999727011,20260731_132539,2,36.843303200,128.092840900,298.2990,0.000361,0.000361,0.001849,24.6455,-30.0200,0.0000
1785472151.999727011,20260731_132539,2,36.843304400,128.092822500,298.3340,0.000441,0.000441,0.002116,23.0042,-29.8869,0.0000
1785472152.999727011,20260731_132539,2,36.843306600,128.092806300,298.3650,0.000729,0.000729,0.003025,21.5592,-29.6427,0.0000
1785472153.999727011,20260731_132539,2,36.843309600,128.092791200,298.4230,0.001156,0.001156,0.003844,20.2123,-29.3098,0.0000
1785472154.999727011,20260731_132539,2,36.843314300,128.092776600,298.3540,0.001444,0.001444,0.004225,18.9100,-28.7882,0.0000
1785472155.999727011,20260731_132539,2,36.843320600,128.092762600,298.2220,0.001296,0.001296,0.005041,17.6612,-28.0890,0.0000
1785472156.999727011,20260731_132539,2,36.843327700,128.092749800,298.3250,0.000961,0.000961,0.004096,16.5195,-27.3010,0.0000
1785472157.999727011,20260731_132539,2,36.843335800,128.092737200,298.3230,0.000841,0.000841,0.003721,15.3956,-26.4021,0.0000
1785472158.999727011,20260731_132539,2,36.843344900,128.092725000,298.3040,0.000784,0.000784,0.003721,14.3074,-25.3922,0.0000
1785472159.999726772,20260731_132539,2,36.843354700,128.092713800,298.2690,0.001089,0.001089,0.003969,13.3084,-24.3046,0.0000
1785472160.999726772,20260731_132539,2,36.843365400,128.092703800,298.2710,0.001156,0.001156,0.005041,12.4164,-23.1171,0.0000
1785472161.999726772,20260731_132539,2,36.843375800,128.092693600,298.2070,0.001764,0.001764,0.011025,11.5066,-21.9629,0.0000
1785472162.999726772,20260731_132539,0,36.843386500,128.092684300,298.1970,0.001225,0.001225,0.004900,10.6770,-20.7754,0.0000
1785472163.999726772,20260731_132539,0,36.843398100,128.092676200,298.1630,0.004225,0.004225,0.005776,9.9545,-19.4881,0.0000
1785472164.999726772,20260731_132539,0,36.843408600,128.092667300,298.1050,0.002916,0.002916,0.007225,9.1606,-18.3228,0.0000
1785472165.999726772,20260731_132539,0,36.843419600,128.092659300,298.0770,0.002809,0.002809,0.006889,8.4471,-17.1020,0.0000
1785472166.999726772,20260731_132539,0,36.843430100,128.092650400,298.3180,0.002500,0.002500,0.008464,7.6532,-15.9367,0.0000
1785472167.999726772,20260731_132539,0,36.843440400,128.092641300,298.0720,0.002704,0.002704,0.008649,6.8415,-14.7936,0.0000
1785472168.999726772,20260731_132539,2,36.843452100,128.092634200,298.2440,0.000441,0.000441,0.001024,6.2082,-13.4952,0.0000
1785472169.999726772,20260731_132539,2,36.843463700,128.092626400,298.2560,0.000225,0.000225,0.000961,5.5124,-12.2078,0.0000
1785472170.999726772,20260731_132539,2,36.843476000,128.092619800,298.3120,0.000324,0.000324,0.001764,4.9237,-10.8427,0.0000
1785472171.999726772,20260731_132539,2,36.843487800,128.092612700,298.2020,0.000225,0.000225,0.000784,4.2904,-9.5332,0.0000
1785472172.999726534,20260731_132539,2,36.843499600,128.092605500,298.1360,0.000225,0.000225,0.000841,3.6482,-8.2236,0.0000
1785472173.999726534,20260731_132539,2,36.843511200,128.092598600,298.1620,0.000256,0.000256,0.000900,3.0327,-6.9362,0.0000
1785472174.999726534,20260731_132539,2,36.843523400,128.092591300,298.1450,0.000361,0.000361,0.002025,2.3816,-5.5823,0.0000
1785472175.999726534,20260731_132539,2,36.843534600,128.092583300,298.0260,0.000361,0.000361,0.001764,1.6680,-4.3393,0.0000
1785472176.999726534,20260731_132539,2,36.843545700,128.092575700,297.9770,0.000225,0.000225,0.001089,0.9901,-3.1074,0.0000
1785472177.999726534,20260731_132539,2,36.843556900,128.092567600,297.8850,0.000256,0.000256,0.001521,0.2676,-1.8645,0.0000
1785472178.999726534,20260731_132539,2,36.843567600,128.092559600,297.9030,0.000196,0.000196,0.001156,-0.4460,-0.6770,0.0000
1785472179.999726534,20260731_132539,2,36.843578800,128.092551200,297.8390,0.000361,0.000361,0.001764,-1.1953,0.5660,0.0000
1785472180.999726534,20260731_132539,2,36.843590100,128.092542700,297.7090,0.000400,0.000400,0.001225,-1.9534,1.8201,0.0000
1785472181.999726534,20260731_132539,2,36.843601100,128.092534400,297.7170,0.000625,0.000625,0.001849,-2.6938,3.0408,0.0000
1785472182.999726534,20260731_132539,2,36.843611700,128.092525000,297.5680,0.000361,0.000361,0.001369,-3.5322,4.2172,0.0000
1785472183.999726534,20260731_132539,2,36.843623000,128.092516300,297.4490,0.000576,0.000576,0.001369,-4.3083,5.4713,0.0000
1785472184.999726534,20260731_132539,2,36.843634400,128.092508400,297.4490,0.000529,0.000529,0.001089,-5.0129,6.7365,0.0000
1785472185.999726534,20260731_132539,0,36.843646900,128.092500100,297.1530,0.000676,0.000676,0.002116,-5.7533,8.1237,0.0000
1785472186.999726534,20260731_132539,2,36.843657000,128.092491700,297.1620,0.000729,0.000729,0.002916,-6.5025,9.2446,0.0000
1785472187.999726534,20260731_132539,2,36.843669000,128.092483600,297.1290,0.000484,0.000484,0.002601,-7.2250,10.5764,0.0000
1785472188.999726534,20260731_132539,2,36.843680100,128.092476300,297.3570,0.000441,0.000441,0.003721,-7.8762,11.8083,0.0000
1785472189.999726534,20260731_132539,2,36.843692200,128.092468400,297.1770,0.000324,0.000324,0.001600,-8.5808,13.1511,0.0000
1785472190.999726534,20260731_132539,2,36.843704400,128.092460100,296.9430,0.000484,0.000484,0.002916,-9.3212,14.5051,0.0000
1785472191.999726534,20260731_132539,2,36.843716700,128.092452600,296.7720,0.000529,0.000529,0.002916,-9.9901,15.8701,0.0000
1785472192.999726534,20260731_132539,0,36.843728500,128.092445100,296.4970,0.001156,0.001156,0.006724,-10.6591,17.1797,0.0000
1785472193.999726534,20260731_132539,0,36.843740900,128.092437600,296.5070,0.001296,0.001296,0.008649,-11.3281,18.5558,0.0000
1785472194.999726534,20260731_132539,0,36.843753800,128.092430900,296.2600,0.000841,0.000841,0.005476,-11.9257,19.9875,0.0000
1785472195.999726534,20260731_132539,2,36.843766500,128.092423700,295.7740,0.000529,0.000529,0.005476,-12.5679,21.3969,0.0000
1785472196.999726534,20260731_132539,2,36.843779300,128.092416600,295.5390,0.000576,0.000576,0.005476,-13.2012,22.8175,0.0000
1785472197.999726534,20260731_132539,2,36.843791300,128.092409900,295.4540,0.000676,0.000676,0.003249,-13.7989,24.1492,0.0000
1785472198.999726534,20260731_132539,2,36.843803200,128.092404000,295.4190,0.001369,0.001369,0.006889,-14.3251,25.4699,0.0000
1785472199.999726534,20260731_132539,2,36.843815300,128.092397100,295.2890,0.000576,0.000576,0.002809,-14.9406,26.8127,0.0000
1785472200.999726534,20260731_132539,2,36.843827800,128.092390800,295.1620,0.000784,0.000784,0.003600,-15.5025,28.2000,0.0000
1785472201.999726534,20260731_132539,2,36.843840200,128.092383800,295.0730,0.000625,0.000625,0.002500,-16.1269,29.5761,0.0000
1785472202.999726534,20260731_132539,2,36.843851200,128.092374900,294.6250,0.000676,0.000676,0.008649,-16.9208,30.7969,0.0000
1785472203.999726534,20260731_132539,2,36.843863100,128.092366300,294.6000,0.000676,0.000676,0.005184,-17.6879,32.1176,0.0000
1785472204.999726534,20260731_132539,2,36.843875400,128.092357100,294.4430,0.000361,0.000361,0.002500,-18.5085,33.4826,0.0000
1785472205.999726534,20260731_132539,2,36.843886700,128.092348300,294.3480,0.000324,0.000324,0.002704,-19.2934,34.7367,0.0000
1785472206.999726534,20260731_132539,2,36.843898800,128.092339600,294.4280,0.000361,0.000361,0.003025,-20.0694,36.0796,0.0000
1785472207.999726534,20260731_132539,2,36.843908100,128.092332900,294.4690,0.000576,0.000576,0.004489,-20.6670,37.1117,0.0000
1785472208.999726534,20260731_132539,2,36.843918600,128.092328800,294.5290,0.000361,0.000361,0.002704,-21.0327,38.2770,0.0000
1785472209.999726534,20260731_132539,0,36.843929300,128.092325700,294.6090,0.000676,0.000676,0.001764,-21.3093,39.4645,0.0000
1785472210.999726534,20260731_132539,0,36.843940900,128.092323200,294.4530,0.000900,0.000900,0.002601,-21.5322,40.7518,0.0000
1785472211.999726534,20260731_132539,0,36.843952400,128.092328000,294.4560,0.000729,0.000729,0.002500,-21.1041,42.0281,0.0000
1785472212.999726534,20260731_132539,0,36.843958500,128.092335300,294.4250,0.000784,0.000784,0.003249,-20.4530,42.7051,0.0000
1785472213.999726534,20260731_132539,0,36.843962500,128.092344100,294.3520,0.000625,0.000625,0.002916,-19.6680,43.1490,0.0000
1785472214.999726534,20260731_132539,2,36.843962800,128.092351700,293.8480,0.000289,0.000289,0.001089,-18.9901,43.1823,0.0000
1785472215.999726534,20260731_132539,2,36.843962200,128.092359800,293.6980,0.000361,0.000361,0.001089,-18.2676,43.1157,0.0000
1785472216.999726534,20260731_132539,2,36.843961600,128.092368700,293.6270,0.000441,0.000441,0.001444,-17.4738,43.0491,0.0000
1785472217.999726534,20260731_132539,2,36.843961400,128.092377000,293.5990,0.000400,0.000400,0.001444,-16.7334,43.0269,0.0000
1785472218.999726534,20260731_132539,2,36.843961500,128.092385900,293.6330,0.000361,0.000361,0.001369,-15.9396,43.0380,0.0000
1785472219.999726534,20260731_132539,2,36.843962600,128.092394900,293.6250,0.000256,0.000256,0.000961,-15.1368,43.1601,0.0000
1785472220.999726534,20260731_132539,2,36.843963700,128.092404100,293.6100,0.000324,0.000324,0.001024,-14.3162,43.2822,0.0000
1785472221.999726534,20260731_132539,2,36.843964700,128.092413200,293.6230,0.000289,0.000289,0.001024,-13.5045,43.3931,0.0000
1785472222.999726534,20260731_132539,2,36.843966100,128.092422700,293.6740,0.000289,0.000289,0.001089,-12.6571,43.5485,0.0000
1785472223.999726534,20260731_132539,2,36.843967100,128.092432500,293.6920,0.000529,0.000529,0.001849,-11.7830,43.6595,0.0000
1785472224.999726534,20260731_132539,2,36.843968500,128.092442700,293.6940,0.000324,0.000324,0.001225,-10.8732,43.8148,0.0000
1785472225.999726534,20260731_132539,2,36.843969800,128.092453100,293.6790,0.000225,0.000225,0.000841,-9.9455,43.9591,0.0000
1785472226.999726534,20260731_132539,2,36.843970900,128.092463100,293.6520,0.000196,0.000196,0.000729,-9.0535,44.0812,0.0000
1785472227.999726534,20260731_132539,2,36.843972000,128.092473400,293.6800,0.000225,0.000225,0.000841,-8.1348,44.2033,0.0000
1785472228.999726534,20260731_132539,2,36.843973200,128.092483800,293.6670,0.000225,0.000225,0.000729,-7.2071,44.3364,0.0000
1785472229.999726534,20260731_132539,2,36.843974300,128.092494400,293.6730,0.000196,0.000196,0.000729,-6.2617,44.4585,0.0000
1785472230.999726534,20260731_132539,2,36.843975600,128.092505200,293.6960,0.000196,0.000196,0.000529,-5.2983,44.6028,0.0000
1785472231.999726534,20260731_132539,2,36.843976500,128.092516400,293.7210,0.000196,0.000196,0.000625,-4.2993,44.7027,0.0000
1785472232.999726295,20260731_132539,2,36.843977400,128.092528000,293.7610,0.000196,0.000196,0.000841,-3.2646,44.8026,0.0000
1785472233.999726295,20260731_132539,2,36.843978200,128.092539100,293.7580,0.000196,0.000196,0.000961,-2.2745,44.8913,0.0000
1785472234.999726295,20260731_132539,2,36.843979100,128.092549900,293.7240,0.000196,0.000196,0.000729,-1.3112,44.9912,0.0000
1785472235.999726295,20260731_132539,2,36.843979900,128.092560800,293.7180,0.000196,0.000196,0.000729,-0.3389,45.0800,0.0000
1785472236.999726295,20260731_132539,2,36.843980800,128.092571600,293.6950,0.000196,0.000196,0.000576,0.6244,45.1799,0.0000
1785472237.999726295,20260731_132539,2,36.843981700,128.092582700,293.6650,0.000196,0.000196,0.000529,1.6145,45.2798,0.0000
1785472238.999726295,20260731_132539,2,36.843982600,128.092593800,293.7000,0.000196,0.000196,0.000529,2.6046,45.3797,0.0000
1785472239.999726295,20260731_132539,2,36.843983800,128.092604700,293.6710,0.000196,0.000196,0.000841,3.5768,45.5128,0.0000
1785472240.999726295,20260731_132539,2,36.843984900,128.092616400,293.6800,0.000225,0.000225,0.001089,4.6204,45.6349,0.0000
1785472241.999726295,20260731_132539,2,36.843984300,128.092629000,293.6630,0.000256,0.000256,0.001225,5.7443,45.5683,0.0000
1785472242.999726295,20260731_132539,2,36.843983600,128.092641700,293.6220,0.000289,0.000289,0.001600,6.8771,45.4906,0.0000
1785472243.999726295,20260731_132539,2,36.843983900,128.092652400,293.4820,0.000484,0.000484,0.002401,7.8315,45.5239,0.0000
1785472244.999726295,20260731_132539,2,36.843984100,128.092659100,293.4060,0.000576,0.000576,0.003481,8.4291,45.5461,0.0000
1785472245.999726057,20260731_132539,2,36.843984900,128.092666500,293.3400,0.000625,0.000625,0.003721,9.0892,45.6349,0.0000
1785472246.999726057,20260731_132539,2,36.843984200,128.092676900,293.3420,0.000625,0.000625,0.003136,10.0169,45.5572,0.0000
1785472247.999726057,20260731_132539,2,36.843980500,128.092685700,293.3350,0.000441,0.000441,0.001600,10.8018,45.1466,0.0000
1785472248.999726057,20260731_132539,2,36.843974500,128.092690900,293.3910,0.000529,0.000529,0.002209,11.2656,44.4807,0.0000
1785472249.999726057,20260731_132539,2,36.843970100,128.092692600,293.4080,0.000729,0.000729,0.002601,11.4173,43.9924,0.0000
1785472250.999726057,20260731_132539,2,36.843966300,128.092693300,293.3360,0.000676,0.000676,0.002116,11.4797,43.5707,0.0000
1785472251.999726057,20260731_132539,2,36.843961600,128.092692100,293.3780,0.000729,0.000729,0.002704,11.3727,43.0491,0.0000
1785472252.999726057,20260731_132539,2,36.843955600,128.092690100,293.4490,0.000729,0.000729,0.002601,11.1943,42.3832,0.0000
1785472253.999726057,20260731_132539,2,36.843948900,128.092688700,293.4860,0.000529,0.000529,0.002401,11.0694,41.6396,0.0000
1785472254.999725819,20260731_132539,2,36.843942500,128.092688400,293.5270,0.001225,0.001225,0.004096,11.0426,40.9294,0.0000
1785472255.999725819,20260731_132539,2,36.843935300,128.092688500,293.5160,0.000961,0.000961,0.003481,11.0516,40.1303,0.0000
1785472256.999725819,20260731_132539,2,36.843927600,128.092687900,293.5260,0.000625,0.000625,0.002116,10.9980,39.2758,0.0000
1785472257.999725819,20260731_132539,2,36.843919100,128.092687500,293.5790,0.000529,0.000529,0.001521,10.9624,38.3324,0.0000
1785472258.999725819,20260731_132539,2,36.843910500,128.092687000,293.6230,0.000361,0.000361,0.001156,10.9178,37.3780,0.0000
1785472259.999725819,20260731_132539,2,36.843901700,128.092686500,293.6970,0.000324,0.000324,0.000900,10.8732,36.4014,0.0000
1785472260.999725819,20260731_132539,2,36.843892900,128.092685600,293.6500,0.000361,0.000361,0.001296,10.7929,35.4248,0.0000
1785472261.999725819,20260731_132539,2,36.843884400,128.092684800,293.7040,0.000289,0.000289,0.001225,10.7215,34.4814,0.0000
1785472262.999725819,20260731_132539,2,36.843875800,128.092684100,293.6800,0.000576,0.000576,0.002500,10.6591,33.5270,0.0000
1785472263.999725580,20260731_132539,2,36.843868000,128.092683600,293.6430,0.000484,0.000484,0.002304,10.6145,32.6614,0.0000
1785472264.999725580,20260731_132539,2,36.843860200,128.092682500,293.7520,0.000576,0.000576,0.002500,10.5164,31.7957,0.0000
1785472265.999725580,20260731_132539,2,36.843852400,128.092680700,293.8030,0.000484,0.000484,0.001936,10.3558,30.9301,0.0000
1785472266.999725580,20260731_132539,2,36.843844300,128.092679400,293.9110,0.000400,0.000400,0.001681,10.2399,30.0312,0.0000
1785472267.999725580,20260731_132539,2,36.843836900,128.092677900,293.9530,0.000289,0.000289,0.001225,10.1061,29.2099,0.0000
1785472268.999725580,20260731_132539,2,36.843829600,128.092677300,294.0460,0.000225,0.000225,0.000961,10.0526,28.3997,0.0000
1785472269.999725580,20260731_132539,2,36.843821500,128.092677400,294.3140,0.000256,0.000256,0.001681,10.0615,27.5008,0.0000
1785472270.999725342,20260731_132539,2,36.843813100,128.092677600,294.4980,0.000361,0.000361,0.002116,10.0793,26.5686,0.0000
1785472271.999725342,20260731_132539,2,36.843805200,128.092678800,294.6900,0.000324,0.000324,0.001521,10.1864,25.6918,0.0000
1785472272.999725342,20260731_132539,2,36.843797000,128.092680300,294.8460,0.000256,0.000256,0.001225,10.3202,24.7818,0.0000
1785472273.999725342,20260731_132539,2,36.843789300,128.092681800,294.9270,0.000324,0.000324,0.001225,10.4540,23.9273,0.0000
1785472274.999725342,20260731_132539,2,36.843781900,128.092683900,294.9720,0.000484,0.000484,0.001849,10.6413,23.1060,0.0000
1785472275.999725342,20260731_132539,2,36.843774100,128.092686500,295.1060,0.000729,0.000729,0.002704,10.8732,22.2404,0.0000
1785472276.999725342,20260731_132539,2,36.843767300,128.092689900,295.1620,0.000784,0.000784,0.003136,11.1765,21.4857,0.0000
1785472277.999725342,20260731_132539,2,36.843759200,128.092693600,295.2060,0.000900,0.000900,0.003721,11.5065,20.5868,0.0000
1785472278.999725103,20260731_132539,2,36.843751000,128.092696600,295.3290,0.001369,0.001369,0.005329,11.7741,19.6767,0.0000
1785472279.999725103,20260731_132539,2,36.843743000,128.092700000,295.3650,0.001156,0.001156,0.004761,12.0774,18.7889,0.0000
1785472280.999725103,20260731_132539,2,36.843734800,128.092702900,295.4320,0.000961,0.000961,0.004356,12.3360,17.8789,0.0000
1785472281.999725103,20260731_132539,2,36.843726100,128.092706700,295.4970,0.000729,0.000729,0.003025,12.6750,16.9133,0.0000
1785472282.999725103,20260731_132539,2,36.843717000,128.092710400,295.5320,0.000529,0.000529,0.002209,13.0050,15.9034,0.0000
1785472283.999725103,20260731_132539,2,36.843707800,128.092714400,295.6480,0.000441,0.000441,0.002116,13.3618,14.8824,0.0000
1785472284.999725103,20260731_132539,2,36.843698500,128.092718800,295.7720,0.000441,0.000441,0.002116,13.7543,13.8503,0.0000
1785472285.999724865,20260731_132539,2,36.843689300,128.092723900,295.7270,0.000256,0.000256,0.001296,14.2092,12.8293,0.0000
1785472286.999724865,20260731_132539,2,36.843680100,128.092728800,295.7650,0.000441,0.000441,0.002500,14.6463,11.8083,0.0000
1785472287.999724865,20260731_132539,2,36.843670600,128.092734300,295.7730,0.000625,0.000625,0.003481,15.1368,10.7540,0.0000
1785472288.999724865,20260731_132539,2,36.843661000,128.092739900,295.8200,0.000400,0.000400,0.002209,15.6364,9.6886,0.0000
1785472289.999724865,20260731_132539,2,36.843651600,128.092745700,295.7700,0.000361,0.000361,0.002025,16.1537,8.6453,0.0000
1785472290.999724865,20260731_132539,2,36.843642000,128.092750900,295.8520,0.000361,0.000361,0.001936,16.6175,7.5799,0.0000
1785472291.999724865,20260731_132539,2,36.843632300,128.092755700,295.8650,0.000225,0.000225,0.001764,17.0457,6.5034,0.0000
1785472292.999724627,20260731_132539,2,36.843622800,128.092760400,295.8730,0.000196,0.000196,0.001156,17.4649,5.4491,0.0000
1785472293.999724627,20260731_132539,2,36.843612700,128.092765300,295.9890,0.000196,0.000196,0.000784,17.9020,4.3282,0.0000
1785472294.999724627,20260731_132539,2,36.843602800,128.092770300,296.0000,0.000196,0.000196,0.000729,18.3480,3.2295,0.0000
1785472295.999724627,20260731_132539,2,36.843593000,128.092775100,296.0360,0.000196,0.000196,0.000676,18.7761,2.1419,0.0000
1785472296.999724627,20260731_132539,2,36.843583900,128.092780200,296.0610,0.000196,0.000196,0.000529,19.2310,1.1320,0.0000
1785472297.999724627,20260731_132539,2,36.843574600,128.092785400,296.1190,0.000196,0.000196,0.000484,19.6949,0.0999,0.0000
1785472298.999724627,20260731_132539,2,36.843565400,128.092790800,296.0780,0.000196,0.000196,0.000441,20.1765,-0.9211,0.0000
1785472299.999724388,20260731_132539,2,36.843555800,128.092796200,296.1050,0.000196,0.000196,0.000441,20.6582,-1.9865,0.0000
1785472300.999724388,20260731_132539,2,36.843546700,128.092801800,296.1540,0.000196,0.000196,0.000529,21.1577,-2.9964,0.0000
1785472301.999724388,20260731_132539,2,36.843537600,128.092807500,296.1800,0.000196,0.000196,0.000676,21.6662,-4.0063,0.0000
1785472302.999724388,20260731_132539,2,36.843528100,128.092812900,296.2070,0.000196,0.000196,0.000729,22.1478,-5.0607,0.0000
1785472303.999724388,20260731_132539,2,36.843518900,128.092818600,296.1700,0.000256,0.000256,0.001089,22.6563,-6.0817,0.0000
1785472304.999724388,20260731_132539,2,36.843509600,128.092824000,296.1860,0.000225,0.000225,0.001089,23.1379,-7.1138,0.0000
1785472305.999724150,20260731_132539,2,36.843500400,128.092829800,296.1770,0.000441,0.000441,0.002116,23.6553,-8.1348,0.0000
1785472306.999724150,20260731_132539,2,36.843491100,128.092835700,296.1810,0.000529,0.000529,0.002601,24.1816,-9.1669,0.0000
1785472307.999724150,20260731_132539,2,36.843482100,128.092841800,296.2180,0.000361,0.000361,0.001681,24.7257,-10.1657,0.0000
1785472308.999724150,20260731_132539,2,36.843473600,128.092849100,296.2270,0.000441,0.000441,0.001849,25.3768,-11.1090,0.0000
1785472309.999724150,20260731_132539,2,36.843464600,128.092856600,296.3140,0.000324,0.000324,0.001521,26.0458,-12.1079,0.0000
1785472310.999723911,20260731_132539,2,36.843456000,128.092864700,296.4030,0.000324,0.000324,0.001600,26.7683,-13.0623,0.0000
1785472311.999723911,20260731_132539,2,36.843448800,128.092873500,296.4540,0.000289,0.000289,0.001225,27.5533,-13.8613,0.0000
1785472312.999723911,20260731_132539,2,36.843441400,128.092883600,296.4610,0.000225,0.000225,0.001024,28.4542,-14.6826,0.0000
1785472313.999723911,20260731_132539,2,36.843433900,128.092893500,296.4800,0.000196,0.000196,0.000961,29.3372,-15.5149,0.0000
1785472314.999723911,20260731_132539,2,36.843425900,128.092902700,296.5690,0.000225,0.000225,0.001156,30.1578,-16.4028,0.0000
1785472315.999723911,20260731_132539,2,36.843418100,128.092911400,296.6330,0.000256,0.000256,0.001225,30.9339,-17.2684,0.0000
1785472316.999723673,20260731_132539,2,36.843409800,128.092919000,296.8560,0.000361,0.000361,0.001764,31.6118,-18.1895,0.0000
1785472317.999723673,20260731_132539,2,36.843402400,128.092927000,297.1220,0.000400,0.000400,0.002116,32.3254,-19.0108,0.0000
1785472318.999723673,20260731_132539,2,36.843395100,128.092934200,297.3620,0.000484,0.000484,0.002601,32.9676,-19.8209,0.0000
1785472319.999723673,20260731_132539,2,36.843387600,128.092942800,297.6090,0.000400,0.000400,0.002304,33.7347,-20.6533,0.0000
1785472320.999723673,20260731_132539,2,36.843377400,128.092951500,297.7350,0.000400,0.000400,0.002209,34.5107,-21.7853,0.0000
1785472321.999723434,20260731_132539,2,36.843367100,128.092956300,297.7930,0.000400,0.000400,0.002209,34.9389,-22.9284,0.0000
1785472322.999723434,20260731_132539,2,36.843356700,128.092953900,297.8770,0.000361,0.000361,0.001521,34.7248,-24.0826,0.0000
1785472323.999723434,20260731_132539,2,36.843347200,128.092946800,297.9260,0.000361,0.000361,0.001521,34.0915,-25.1369,0.0000
1785472324.999723434,20260731_132539,2,36.843338300,128.092937600,297.9270,0.000361,0.000361,0.001521,33.2709,-26.1246,0.0000
1785472325.999723434,20260731_132539,2,36.843329700,128.092927500,297.9790,0.000225,0.000225,0.001089,32.3700,-27.0790,0.0000
1785472326.999723196,20260731_132539,2,36.843322200,128.092913400,298.0220,0.000196,0.000196,0.000784,31.1123,-27.9114,0.0000
1785472327.999723196,20260731_132539,2,36.843314800,128.092899200,298.1510,0.000289,0.000289,0.001521,29.8457,-28.7326,0.0000
1785472328.999723196,20260731_132539,2,36.843308100,128.092883900,298.2330,0.000361,0.000361,0.001849,28.4810,-29.4762,0.0000
1785472329.999723196,20260731_132539,2,36.843305000,128.092866300,298.3560,0.000324,0.000324,0.001764,26.9111,-29.8203,0.0000
1785472330.999723196,20260731_132539,2,36.843302900,128.092847900,298.3950,0.000324,0.000324,0.001681,25.2698,-30.0533,0.0000
1785472331.999722958,20260731_132539,2,36.843302800,128.092828300,298.3510,0.000400,0.000400,0.002025,23.5216,-30.0644,0.0000
1785472332.999722958,20260731_132539,2,36.843305800,128.092809600,298.4160,0.000324,0.000324,0.001681,21.8535,-29.7315,0.0000
1785472333.999722958,20260731_132539,2,36.843310400,128.092790100,298.4020,0.000289,0.000289,0.001225,20.1142,-29.2210,0.0000
1785472334.999722958,20260731_132539,2,36.843315400,128.092774200,298.4360,0.000256,0.000256,0.000961,18.6959,-28.6661,0.0000
1785472335.999722958,20260731_132539,2,36.843315800,128.092762600,298.3920,0.000625,0.000625,0.002809,17.6612,-28.6217,0.0000
1785472336.999722958,20260731_132539,2,36.843310100,128.092756200,298.5250,0.001089,0.001089,0.002809,17.0904,-29.2543,0.0000
1785472337.999722719,20260731_132539,2,36.843305200,128.092755300,298.5820,0.000784,0.000784,0.002601,17.0101,-29.7981,0.0000
1785472338.999722719,20260731_132539,2,36.843297600,128.092757000,298.5580,0.000625,0.000625,0.003025,17.1617,-30.6415,0.0000
1785472339.999722719,20260731_132539,2,36.843290000,128.092764600,298.8830,0.000900,0.000900,0.005476,17.8396,-31.4850,0.0000
1785472340.999722719,20260731_132539,0,36.843279900,128.092774800,298.7290,0.001024,0.001024,0.005625,18.7495,-32.6059,0.0000
1785472341.999722719,20260731_132539,0,36.843271700,128.092788300,299.1680,0.000676,0.000676,0.003600,19.9536,-33.5159,0.0000
1785472342.999722481,20260731_132539,0,36.843260800,128.092803500,299.1820,0.001156,0.001156,0.005625,21.3095,-34.7256,0.0000
1785472343.999722481,20260731_132539,0,36.843258700,128.092817800,298.8370,0.000529,0.000529,0.002704,22.5850,-34.9586,0.0000
1785472344.999722481,20260731_132539,0,36.843264300,128.092834600,298.9550,0.001024,0.001024,0.007396,24.0835,-34.3372,0.0000
1785472345.999722481,20260731_132539,0,36.843269000,128.092849500,299.0750,0.000484,0.000484,0.002500,25.4126,-33.8155,0.0000
1785472346.999722481,20260731_132539,2,36.843272400,128.092860100,298.5630,0.000484,0.000484,0.002401,26.3581,-33.4382,0.0000
1785472347.999722481,20260731_132539,2,36.843275600,128.092872600,298.5320,0.000256,0.000256,0.001296,27.4730,-33.0831,0.0000
1785472348.999722242,20260731_132539,2,36.843278800,128.092884800,298.3650,0.000196,0.000196,0.001089,28.5613,-32.7279,0.0000
1785472349.999722242,20260731_132539,2,36.843282500,128.092897200,298.2620,0.000256,0.000256,0.001521,29.6673,-32.3173,0.0000
1785472350.999722242,20260731_132539,2,36.843286400,128.092908600,298.2110,0.000196,0.000196,0.001024,30.6842,-31.8845,0.0000
1785472351.999722242,20260731_132539,2,36.843290800,128.092919300,298.1270,0.000196,0.000196,0.000900,31.6386,-31.3962,0.0000
1785472352.999722242,20260731_132539,2,36.843295300,128.092930200,298.1010,0.000196,0.000196,0.000784,32.6109,-30.8967,0.0000
1785472353.999722242,20260731_132539,2,36.843300200,128.092940800,298.0580,0.000196,0.000196,0.000900,33.5563,-30.3529,0.0000
1785472354.999722004,20260731_132539,2,36.843305300,128.092951400,298.0260,0.000196,0.000196,0.001089,34.5018,-29.7869,0.0000
1785472355.999722004,20260731_132539,2,36.843311200,128.092963500,297.9590,0.000196,0.000196,0.000900,35.5811,-29.1322,0.0000
1785472356.999722004,20260731_132539,2,36.843316600,128.092975400,297.9170,0.000256,0.000256,0.001296,36.6426,-28.5329,0.0000
1785472357.999722004,20260731_132539,2,36.843322500,128.092987300,297.8570,0.000225,0.000225,0.001225,37.7041,-27.8781,0.0000
1785472358.999722004,20260731_132539,2,36.843327700,128.093000000,297.8800,0.000196,0.000196,0.001156,38.8369,-27.3010,0.0000
1785472359.999722004,20260731_132539,2,36.843332700,128.093012700,297.8530,0.000225,0.000225,0.001089,39.9697,-26.7461,0.0000
1785472360.999721766,20260731_132539,2,36.843338000,128.093025400,297.8170,0.000225,0.000225,0.001225,41.1025,-26.1579,0.0000
1785472361.999721766,20260731_132539,2,36.843343700,128.093037400,297.8050,0.000256,0.000256,0.001369,42.1729,-25.5253,0.0000
1785472362.999721766,20260731_132539,2,36.843349900,128.093050100,297.7700,0.000289,0.000289,0.001296,43.3057,-24.8372,0.0000
1785472363.999721766,20260731_132539,2,36.843355700,128.093062600,297.7460,0.000441,0.000441,0.001849,44.4206,-24.1935,0.0000
1785472364.999721766,20260731_132539,2,36.843361600,128.093075000,297.7430,0.000729,0.000729,0.002916,45.5267,-23.5387,0.0000
1785472365.999721527,20260731_132539,2,36.843367800,128.093087800,297.7510,0.000625,0.000625,0.002601,46.6684,-22.8506,0.0000
1785472366.999721527,20260731_132539,2,36.843374000,128.093101100,297.7670,0.000361,0.000361,0.001600,47.8548,-22.1626,0.0000
1785472367.999721527,20260731_132539,2,36.843379900,128.093114500,297.7840,0.000256,0.000256,0.001225,49.0500,-21.5078,0.0000
1785472368.999721527,20260731_132539,2,36.843386000,128.093127900,297.7800,0.000225,0.000225,0.001089,50.2453,-20.8308,0.0000
1785472369.999721527,20260731_132539,2,36.843392300,128.093141700,297.7670,0.000256,0.000256,0.001225,51.4762,-20.1316,0.0000
1785472370.999721289,20260731_132539,2,36.843398700,128.093155300,297.7510,0.000289,0.000289,0.001156,52.6893,-19.4213,0.0000
1785472371.999721289,20260731_132539,2,36.843405100,128.093169200,297.7640,0.000256,0.000256,0.001024,53.9291,-18.7110,0.0000
1785472372.999721289,20260731_132539,2,36.843411600,128.093183200,297.7700,0.000225,0.000225,0.000841,55.1779,-17.9897,0.0000
1785472373.999721289,20260731_132539,2,36.843418300,128.093197400,297.7860,0.000196,0.000196,0.000784,56.4445,-17.2461,0.0000
1785472374.999721050,20260731_132539,2,36.843424600,128.093211700,297.8010,0.000289,0.000289,0.000961,57.7200,-16.5469,0.0000
1785472375.999721050,20260731_132539,2,36.843431000,128.093226400,297.8080,0.000256,0.000256,0.000961,59.0312,-15.8366,0.0000
1785472376.999721050,20260731_132539,2,36.843437300,128.093241100,297.8190,0.000256,0.000256,0.000900,60.3424,-15.1374,0.0000
1785472377.999721050,20260731_132539,2,36.843443700,128.093256000,297.8080,0.000256,0.000256,0.001024,61.6715,-14.4272,0.0000
1785472378.999721050,20260731_132539,2,36.843449700,128.093271200,297.8070,0.000289,0.000289,0.000961,63.0273,-13.7613,0.0000
1785472379.999720812,20260731_132539,2,36.843455500,128.093286400,297.7910,0.000361,0.000361,0.001296,64.3831,-13.1176,0.0000
1785472380.999720812,20260731_132539,2,36.843460500,128.093303500,297.7380,0.000324,0.000324,0.001296,65.9084,-12.5627,0.0000
1785472381.999720812,20260731_132539,2,36.843462500,128.093321700,297.6320,0.000324,0.000324,0.001156,67.5318,-12.3407,0.0000
1785472382.999720812,20260731_132539,2,36.843464300,128.093338200,297.5330,0.000324,0.000324,0.001156,69.0035,-12.1409,0.0000
1785472383.999720573,20260731_132539,2,36.843466500,128.093354700,297.4280,0.000484,0.000484,0.001681,70.4753,-11.8968,0.0000
1785472384.999720573,20260731_132539,2,36.843469200,128.093371800,297.3710,0.000400,0.000400,0.001369,72.0006,-11.5971,0.0000
1785472385.999720573,20260731_132539,2,36.843470200,128.093389700,297.3380,0.000400,0.000400,0.001764,73.5972,-11.4861,0.0000
1785472386.999720335,20260731_132539,2,36.843471500,128.093407800,297.1880,0.000324,0.000324,0.001521,75.2117,-11.3418,0.0000
1785472387.999720335,20260731_132539,0,36.843471900,128.093426400,297.0740,0.024964,0.024964,0.088209,76.8708,-11.2974,0.0000
1785472388.999720335,20260731_132539,0,36.843472100,128.093443900,297.0450,0.006400,0.006400,0.024336,78.4318,-11.2752,0.0000
1785472389.999720335,20260731_132539,2,36.843472400,128.093460300,297.0200,0.000196,0.000196,0.000400,79.8946,-11.2419,0.0000
1785472390.999720097,20260731_132539,2,36.843473500,128.093476900,297.0290,0.000196,0.000196,0.000441,81.3753,-11.1198,0.0000
1785472391.999720097,20260731_132539,2,36.843474900,128.093493400,297.0010,0.000196,0.000196,0.000529,82.8470,-10.9644,0.0000
1785472392.999720097,20260731_132539,2,36.843476500,128.093510200,296.9910,0.000196,0.000196,0.000576,84.3456,-10.7868,0.0000
1785472393.999720097,20260731_132539,2,36.843478400,128.093527000,296.9170,0.000196,0.000196,0.000484,85.8441,-10.5760,0.0000
1785472394.999719858,20260731_132539,2,36.843480400,128.093543800,296.9240,0.000196,0.000196,0.000484,87.3426,-10.3540,0.0000
1785472395.999719858,20260731_132539,2,36.843482400,128.093560600,296.9150,0.000225,0.000225,0.000841,88.8411,-10.1320,0.0000
1785472396.999719858,20260731_132539,2,36.843484500,128.093577500,296.9200,0.000256,0.000256,0.001024,90.3486,-9.8989,0.0000
1785472397.999719858,20260731_132539,2,36.843487100,128.093594300,296.9250,0.000400,0.000400,0.001444,91.8471,-9.6104,0.0000
1785472398.999719620,20260731_132539,2,36.843491200,128.093609900,296.9460,0.000324,0.000324,0.001296,93.2386,-9.1553,0.0000
1785472399.999719620,20260731_132539,2,36.843495700,128.093626200,296.9540,0.000324,0.000324,0.001369,94.6925,-8.6559,0.0000
1785472400.999719620,20260731_132539,2,36.843500100,128.093642700,296.9770,0.000196,0.000196,0.000784,96.1643,-8.1676,0.0000
1785472401.999719620,20260731_132539,2,36.843504500,128.093660200,296.9650,0.000196,0.000196,0.000625,97.7252,-7.6792,0.0000
1785472402.999719381,20260731_132539,2,36.843507300,128.093676000,297.0700,0.000196,0.000196,0.000784,99.1346,-7.3685,0.0000
1785472403.999719381,20260731_132539,2,36.843511200,128.093691900,297.1950,0.000196,0.000196,0.000841,100.5528,-6.9357,0.0000
1785472404.999719381,20260731_132539,2,36.843515200,128.093708100,297.3370,0.000225,0.000225,0.000961,101.9978,-6.4917,0.0000
1785472405.999719143,20260731_132539,2,36.843519600,128.093723700,297.5420,0.000225,0.000225,0.000900,103.3893,-6.0034,0.0000
1785472406.999719143,20260731_132539,2,36.843524400,128.093740000,297.6510,0.000196,0.000196,0.000625,104.8432,-5.4707,0.0000
1785472407.999719143,20260731_132539,2,36.843529500,128.093756100,297.8130,0.000196,0.000196,0.000784,106.2793,-4.9046,0.0000
1785472408.999718904,20260731_132539,2,36.843533900,128.093772600,297.9310,0.000225,0.000225,0.000900,107.7510,-4.4163,0.0000
1785472409.999718904,20260731_132539,2,36.843538500,128.093788500,298.1290,0.000361,0.000361,0.001600,109.1693,-3.9058,0.0000
1785472410.999718904,20260731_132539,2,36.843542900,128.093804400,298.3060,0.000484,0.000484,0.001600,110.5875,-3.4175,0.0000
1785472411.999718666,20260731_132539,2,36.843547200,128.093820100,298.4840,0.000400,0.000400,0.001444,111.9879,-2.9402,0.0000
1785472412.999718666,20260731_132539,2,36.843551800,128.093836100,298.6210,0.000576,0.000576,0.002116,113.4151,-2.4297,0.0000
1785472413.999718666,20260731_132539,2,36.843556100,128.093852300,298.7930,0.000625,0.000625,0.001849,114.8601,-1.9525,0.0000
1785472414.999718428,20260731_132539,2,36.843559900,128.093868600,298.9460,0.000484,0.000484,0.001444,116.3140,-1.5307,0.0000
1785472415.999718428,20260731_132539,2,36.843563900,128.093884200,299.2200,0.000576,0.000576,0.001681,117.7055,-1.0868,0.0000
1785472416.999718428,20260731_132539,2,36.843568400,128.093900000,299.4030,0.000529,0.000529,0.001521,119.1148,-0.5874,0.0000
1785472417.999718189,20260731_132539,2,36.843572700,128.093916000,299.6000,0.000361,0.000361,0.001089,120.5420,-0.1101,0.0000
1785472418.999718189,20260731_132539,2,36.843577100,128.093932500,299.8200,0.000576,0.000576,0.002500,122.0138,0.3782,0.0000
1785472419.999717951,20260731_132539,2,36.843581900,128.093949300,300.0720,0.000529,0.000529,0.002209,123.5123,0.9109,0.0000
1785472420.999717951,20260731_132539,2,36.843587300,128.093965400,300.3510,0.000784,0.000784,0.003481,124.9484,1.5102,0.0000
1785472421.999717712,20260731_132539,2,36.843595300,128.093979700,300.4110,0.001444,0.001444,0.007225,126.2239,2.3981,0.0000
1785472422.999717712,20260731_132539,2,36.843604400,128.093986000,300.5560,0.001156,0.001156,0.005625,126.7858,3.4080,0.0000
1785472423.999717474,20260731_132539,2,36.843613400,128.093985900,300.3730,0.001089,0.001089,0.005476,126.7769,4.4068,0.0000
1785472424.999717474,20260731_132539,2,36.843618600,128.093979400,300.3770,0.001089,0.001089,0.005184,126.1971,4.9839,0.0000
1785472425.999717236,20260731_132539,0,36.843620000,128.093970600,300.3320,0.000529,0.000529,0.003364,125.4121,5.1393,0.0000
1785472426.999717236,20260731_132539,0,36.843618200,128.093959100,300.2810,0.000484,0.000484,0.002704,124.3864,4.9395,0.0000
1785472427.999716997,20260731_132539,0,36.843612800,128.093942600,300.2400,0.000576,0.000576,0.002500,122.9146,4.3402,0.0000
1785472428.999716997,20260731_132539,0,36.843609000,128.093929400,299.9070,0.001521,0.001521,0.004900,121.7372,3.9185,0.0000
1785472429.999716759,20260731_132539,0,36.843606900,128.093914600,299.6470,0.001024,0.001024,0.003969,120.4171,3.6854,0.0000
1785472430.999716759,20260731_132539,0,36.843603200,128.093898400,299.5380,0.002401,0.002401,0.007056,118.9721,3.2747,0.0000
1785472431.999716520,20260731_132539,0,36.843599200,128.093882200,299.5490,0.002601,0.002601,0.007744,117.5271,2.8308,0.0000
1785472432.999716520,20260731_132539,0,36.843594600,128.093865400,299.4090,0.005476,0.005476,0.021904,116.0285,2.3203,0.0000
1785472433.999716282,20260731_132539,0,36.843590300,128.093849400,299.1920,0.006241,0.006241,0.021609,114.6014,1.8430,0.0000
1785472434.999716282,20260731_132539,0,36.843585600,128.093833200,298.9550,0.012769,0.012769,0.039204,113.1564,1.3214,0.0000
1785472435.999716043,20260731_132539,0,36.843581400,128.093817300,298.7910,0.004900,0.004900,0.024649,111.7381,0.8553,0.0000
1785472436.999716043,20260731_132539,0,36.843577400,128.093801200,298.6440,0.005041,0.005041,0.015625,110.3021,0.4113,0.0000
1785472437.999715805,20260731_132539,2,36.843574900,128.093788000,298.0990,0.000256,0.000256,0.000576,109.1246,0.1339,0.0000
1785472438.999715805,20260731_132539,2,36.843570300,128.093772300,297.9800,0.000256,0.000256,0.000676,107.7242,-0.3767,0.0000
1785472439.999715567,20260731_132539,2,36.843566100,128.093757300,297.8850,0.000400,0.000400,0.001156,106.3863,-0.8428,0.0000
1785472440.999715567,20260731_132539,2,36.843562400,128.093742300,297.7690,0.000529,0.000529,0.001681,105.0483,-1.2534,0.0000
1785472441.999715328,20260731_132539,2,36.843559300,128.093729100,297.6250,0.000400,0.000400,0.001444,103.8709,-1.5975,0.0000
1785472442.999715328,20260731_132539,2,36.843556000,128.093715700,297.5570,0.000576,0.000576,0.002304,102.6757,-1.9637,0.0000
1785472443.999715328,20260731_132539,2,36.843552500,128.093701800,297.4750,0.000676,0.000676,0.002601,101.4358,-2.3522,0.0000
1785472444.999715090,20260731_132539,2,36.843549100,128.093687600,297.3230,0.000784,0.000784,0.003136,100.1692,-2.7295,0.0000
1785472445.999715090,20260731_132539,2,36.843546300,128.093673600,297.2070,0.000841,0.000841,0.003721,98.9204,-3.0403,0.0000
1785472446.999714851,20260731_132539,2,36.843544500,128.093658300,297.1000,0.000529,0.000529,0.002209,97.5557,-3.2401,0.0000
1785472447.999714851,20260731_132539,2,36.843542300,128.093643200,296.9920,0.000729,0.000729,0.004356,96.2088,-3.4842,0.0000
1785472448.999714613,20260731_132539,2,36.843540200,128.093627200,296.9450,0.000729,0.000729,0.003481,94.7817,-3.7173,0.0000
1785472449.999714613,20260731_132539,2,36.843539300,128.093611600,296.8610,0.000529,0.000529,0.003025,93.3902,-3.8172,0.0000
1785472450.999714375,20260731_132539,2,36.843540300,128.093596700,296.9100,0.000441,0.000441,0.002304,92.0611,-3.7062,0.0000
1785472451.999714375,20260731_132539,2,36.843542300,128.093579700,296.8590,0.000441,0.000441,0.001936,90.5448,-3.4843,0.0000
1785472452.999714136,20260731_132539,2,36.843545600,128.093564500,296.8050,0.000400,0.000400,0.001444,89.1889,-3.1181,0.0000
1785472453.999714136,20260731_132539,2,36.843550500,128.093548700,296.8220,0.000256,0.000256,0.000961,87.7796,-2.5743,0.0000
1785472454.999714136,20260731_132539,2,36.843557100,128.093534800,296.7930,0.000289,0.000289,0.001156,86.5397,-1.8418,0.0000
1785472455.999713898,20260731_132539,2,36.843564000,128.093524000,296.8190,0.000256,0.000256,0.001296,85.5764,-1.0761,0.0000
1785472456.999713898,20260731_132539,2,36.843572700,128.093514600,296.7990,0.000225,0.000225,0.000961,84.7379,-0.1106,0.0000
1785472457.999713659,20260731_132539,2,36.843582800,128.093507900,296.7420,0.000484,0.000484,0.001936,84.1403,1.0103,0.0000
1785472458.999713659,20260731_132539,2,36.843592600,128.093502000,296.7210,0.000484,0.000484,0.002209,83.6140,2.0979,0.0000
1785472459.999713421,20260731_132539,2,36.843603100,128.093499800,296.6420,0.000841,0.000841,0.003481,83.4178,3.2632,0.0000
1785472460.999713421,20260731_132539,2,36.843614200,128.093500600,296.4750,0.000900,0.000900,0.003844,83.4891,4.4951,0.0000
1785472461.999713182,20260731_132539,2,36.843625000,128.093503300,296.4860,0.000676,0.000676,0.002601,83.7299,5.6937,0.0000
1785472462.999713182,20260731_132539,0,36.843636000,128.093505400,296.2130,0.000900,0.000900,0.005776,83.9172,6.9145,0.0000
1785472463.999712944,20260731_132539,0,36.843647400,128.093506400,295.9620,0.000729,0.000729,0.006400,84.0064,8.1796,0.0000
1785472464.999712944,20260731_132539,0,36.843658900,128.093508600,296.0730,0.000841,0.000841,0.006084,84.2026,9.4559,0.0000
1785472465.999712944,20260731_132539,0,36.843670100,128.093511400,296.0190,0.001024,0.001024,0.008649,84.4524,10.6989,0.0000
1785472466.999712706,20260731_132539,0,36.843679500,128.093515200,296.0330,0.005476,0.005476,0.046225,84.7913,11.7421,0.0000
1785472467.999712706,20260731_132539,0,36.843691400,128.093519100,296.1660,0.020736,0.020736,0.229441,85.1392,13.0628,0.0000
1785472468.999712467,20260731_132539,0,36.843698000,128.093519400,295.6820,0.016129,0.016129,0.103684,85.1659,13.7952,0.0000
1785472469.999712467,20260731_132539,0,36.843697400,128.093519900,296.0580,0.006400,0.006400,0.038416,85.2105,13.7286,0.0000
1785472470.999712229,20260731_132539,0,36.843696900,128.093519800,296.1940,0.005776,0.005776,0.029929,85.2016,13.6731,0.0000
1785472471.999712229,20260731_132539,0,36.843696900,128.093520000,296.2820,0.006241,0.006241,0.033489,85.2195,13.6731,0.0000
1785472472.999711990,20260731_132539,0,36.843696800,128.093520200,296.3560,0.005929,0.005929,0.029241,85.2373,13.6621,0.0000
1785472473.999711990,20260731_132539,0,36.843696900,128.093520300,296.3360,0.006241,0.006241,0.020736,85.2462,13.6731,0.0000
1785472474.999711752,20260731_132539,0,36.843697200,128.093520700,296.2580,0.005329,0.005329,0.022500,85.2819,13.7064,0.0000
1785472475.999711752,20260731_132539,0,36.843697300,128.093521000,296.3020,0.005184,0.005184,0.024336,85.3087,13.7175,0.0000
1785472476.999711514,20260731_132539,0,36.843697300,128.093521200,296.3320,0.004900,0.004900,0.023104,85.3265,13.7175,0.0000
1785472477.999711514,20260731_132539,0,36.843697400,128.093521300,296.3150,0.004489,0.004489,0.022201,85.3354,13.7286,0.0000
1785472478.999711514,20260731_132539,0,36.843697600,128.093521500,296.2730,0.004489,0.004489,0.021609,85.3533,13.7508,0.0000
1785472479.999711275,20260731_132539,0,36.843697600,128.093521600,296.3070,0.004624,0.004624,0.024336,85.3622,13.7508,0.0000
1785472480.999711275,20260731_132539,0,36.843697400,128.093521400,296.3640,0.004356,0.004356,0.023104,85.3443,13.7286,0.0000
1785472481.999711037,20260731_132539,0,36.843697200,128.093521400,296.4620,0.004761,0.004761,0.025600,85.3443,13.7064,0.0000
1785472482.999711037,20260731_132539,0,36.843697000,128.093521500,296.5480,0.004761,0.004761,0.026244,85.3533,13.6842,0.0000
1785472483.999710798,20260731_132539,0,36.843696600,128.093521500,296.7370,0.004761,0.004761,0.025921,85.3533,13.6399,0.0000
1785472484.999710798,20260731_132539,0,36.843696200,128.093521500,296.8400,0.004624,0.004624,0.024649,85.3533,13.5955,0.0000
1785472485.999710560,20260731_132539,0,36.843695900,128.093521500,297.0150,0.004624,0.004624,0.024025,85.3533,13.5622,0.0000
1785472486.999710560,20260731_132539,0,36.843695200,128.093521300,297.1940,0.004624,0.004624,0.024964,85.3354,13.4845,0.0000
1785472487.999710321,20260731_132539,0,36.843694900,128.093521000,297.3140,0.004624,0.004624,0.024964,85.3087,13.4512,0.0000
1785472488.999710321,20260731_132539,0,36.843694500,128.093520600,297.4010,0.004489,0.004489,0.024649,85.2730,13.4068,0.0000
1785472489.999710321,20260731_132539,0,36.843694300,128.093520500,297.4660,0.004489,0.004489,0.024649,85.2641,13.3846,0.0000
1785472490.999710083,20260731_132539,0,36.843693800,128.093520300,297.6030,0.004489,0.004489,0.024336,85.2462,13.3291,0.0000
1785472491.999710083,20260731_132539,0,36.843693300,128.093519900,297.6670,0.004225,0.004225,0.022500,85.2106,13.2736,0.0000
1785472492.999709845,20260731_132539,0,36.843692400,128.093519100,297.8980,0.003969,0.003969,0.017424,85.1392,13.1737,0.0000
1785472493.999709845,20260731_132539,0,36.843692100,128.093519000,298.0140,0.003721,0.003721,0.020164,85.1303,13.1404,0.0000
1785472494.999709606,20260731_132539,0,36.843691700,128.093518800,298.1160,0.003721,0.003721,0.020449,85.1125,13.0961,0.0000
1785472495.999709606,20260731_132539,0,36.843692000,128.093519000,298.0650,0.003481,0.003481,0.015876,85.1303,13.1293,0.0000
